year,total_hosp_capita,total_hosp,total_fires,total_area
2015,3330.8897080176635,27153,317,789221.8017270018
2016,1992.418581570339,18197,361,546250.1453637853
2017,2148.4048218834128,17923,608,1424583.0712656432
2018,2080.0568453295186,16751,416,1581916.7923193143
2019,1942.6649274373947,17206,319,280727.58942624927
2020,956.1179034803582,8526,505,4182335.0116357803
2021,984.1682134042078,9447,388,2512610.9094381332
2022,1389.0348923521276,13834,306,322527.9965773076
