Feature,Importance
SiO3uM,0.439688
PO4uM,0.37524733
R_Oxy_micromol.Kg,0.099112764
R_Sal,0.03247538
NO3uM,0.017116861
TA1.x,0.015256159
Salinity1,0.012925682
R_Depth,0.00466679
NO2uM,0.00078052934
Temperature_degC,0.0006933116
R_TEMP,0.00060659176
R_DYNHT,0.00038880995
NH3uM,0.0002820598
Lat_Dec,0.00028091317
Lon_Dec,0.00025658173
R_Nuts,0.0002222743
